species,identification,habitat,impact,spread,safe_response,toxicity_handling,removal,lookalike,reporting,source_count,notes
Acacia auriculiformis,SUPPORTED,SUPPORTED,SUPPORTED,MISSING,SUPPORTED,MISSING,PARTIAL,MISSING,PARTIAL,2,Safe-response instructions do not establish toxicity. Removal requires site permission; reporting has no verified local recipient.
Acacia mangium,SUPPORTED,SUPPORTED,SUPPORTED,MISSING,SUPPORTED,MISSING,PARTIAL,MISSING,PARTIAL,2,Safe-response instructions do not establish toxicity. Removal requires site permission; reporting has no verified local recipient.
Arachis pintoi,SUPPORTED,SUPPORTED,SUPPORTED,MISSING,SUPPORTED,MISSING,PARTIAL,MISSING,PARTIAL,2,Safe-response instructions do not establish toxicity. Removal requires site permission; reporting has no verified local recipient.
Asclepias curassavica,SUPPORTED,SUPPORTED,SUPPORTED,MISSING,SUPPORTED,PARTIAL,PARTIAL,MISSING,PARTIAL,2,"Safe-response instructions do not establish toxicity. Removal requires site permission; reporting has no verified local recipient. Existing impact text includes a toxicity/irritation warning, but does not establish safe touching or individual medical advice; dedicated scoped hazard statements are supported, not medical advice or safety assurance."
Bidens pilosa,SUPPORTED,SUPPORTED,SUPPORTED,PARTIAL,SUPPORTED,MISSING,PARTIAL,MISSING,PARTIAL,2,Safe-response instructions do not establish toxicity. Removal requires site permission; reporting has no verified local recipient.
Calopogonium mucunoides,SUPPORTED,SUPPORTED,SUPPORTED,MISSING,SUPPORTED,MISSING,PARTIAL,MISSING,PARTIAL,2,Safe-response instructions do not establish toxicity. Removal requires site permission; reporting has no verified local recipient.
Cecropia peltata,SUPPORTED,SUPPORTED,SUPPORTED,MISSING,SUPPORTED,MISSING,PARTIAL,MISSING,PARTIAL,2,Safe-response instructions do not establish toxicity. Removal requires site permission; reporting has no verified local recipient.
Chromolaena odorata,SUPPORTED,SUPPORTED,SUPPORTED,PARTIAL,SUPPORTED,MISSING,PARTIAL,MISSING,PARTIAL,2,Safe-response instructions do not establish toxicity. Removal requires site permission; reporting has no verified local recipient.
Cleome rutidosperma,SUPPORTED,SUPPORTED,SUPPORTED,MISSING,SUPPORTED,MISSING,PARTIAL,MISSING,PARTIAL,2,Safe-response instructions do not establish toxicity. Removal requires site permission; reporting has no verified local recipient.
Cynodon dactylon,SUPPORTED,SUPPORTED,SUPPORTED,PARTIAL,SUPPORTED,MISSING,PARTIAL,MISSING,PARTIAL,2,Safe-response instructions do not establish toxicity. Removal requires site permission; reporting has no verified local recipient.
Cyperus rotundus,SUPPORTED,SUPPORTED,SUPPORTED,PARTIAL,SUPPORTED,MISSING,PARTIAL,MISSING,PARTIAL,3,Safe-response instructions do not establish toxicity. Removal requires site permission; reporting has no verified local recipient.
Eichhornia crassipes,SUPPORTED,SUPPORTED,SUPPORTED,PARTIAL,SUPPORTED,MISSING,PARTIAL,MISSING,PARTIAL,2,Safe-response instructions do not establish toxicity. Removal requires site permission; reporting has no verified local recipient.
Eleusine indica,SUPPORTED,SUPPORTED,SUPPORTED,PARTIAL,SUPPORTED,MISSING,PARTIAL,MISSING,PARTIAL,2,Safe-response instructions do not establish toxicity. Removal requires site permission; reporting has no verified local recipient.
Impatiens balsamina,SUPPORTED,SUPPORTED,SUPPORTED,PARTIAL,SUPPORTED,MISSING,PARTIAL,MISSING,PARTIAL,2,Safe-response instructions do not establish toxicity. Removal requires site permission; reporting has no verified local recipient.
Leucaena leucocephala,SUPPORTED,SUPPORTED,SUPPORTED,MISSING,SUPPORTED,MISSING,PARTIAL,MISSING,PARTIAL,2,Safe-response instructions do not establish toxicity. Removal requires site permission; reporting has no verified local recipient.
Limnocharis flava,SUPPORTED,SUPPORTED,SUPPORTED,PARTIAL,SUPPORTED,MISSING,PARTIAL,MISSING,PARTIAL,3,Safe-response instructions do not establish toxicity. Removal requires site permission; reporting has no verified local recipient.
Megathyrsus maximus,SUPPORTED,SUPPORTED,SUPPORTED,MISSING,SUPPORTED,MISSING,PARTIAL,MISSING,PARTIAL,2,Safe-response instructions do not establish toxicity. Removal requires site permission; reporting has no verified local recipient.
Mikania micrantha,SUPPORTED,SUPPORTED,SUPPORTED,PARTIAL,SUPPORTED,MISSING,PARTIAL,MISSING,PARTIAL,2,Safe-response instructions do not establish toxicity. Removal requires site permission; reporting has no verified local recipient.
Mimosa diplotricha,SUPPORTED,SUPPORTED,SUPPORTED,PARTIAL,SUPPORTED,MISSING,PARTIAL,MISSING,PARTIAL,2,Safe-response instructions do not establish toxicity. Removal requires site permission; reporting has no verified local recipient.
Mimosa pigra,SUPPORTED,SUPPORTED,SUPPORTED,PARTIAL,SUPPORTED,MISSING,PARTIAL,MISSING,PARTIAL,2,Safe-response instructions do not establish toxicity. Removal requires site permission; reporting has no verified local recipient.
Oxalis corniculata,SUPPORTED,SUPPORTED,SUPPORTED,PARTIAL,SUPPORTED,MISSING,PARTIAL,MISSING,PARTIAL,2,Safe-response instructions do not establish toxicity. Removal requires site permission; reporting has no verified local recipient.
Parthenium hysterophorus,SUPPORTED,SUPPORTED,SUPPORTED,PARTIAL,SUPPORTED,PARTIAL,PARTIAL,MISSING,PARTIAL,2,"Safe-response instructions do not establish toxicity. Removal requires site permission; reporting has no verified local recipient. Existing impact text includes a toxicity/irritation warning, but does not establish safe touching or individual medical advice; dedicated scoped hazard statements are supported, not medical advice or safety assurance."
Paspalum vaginatum,SUPPORTED,SUPPORTED,SUPPORTED,MISSING,SUPPORTED,MISSING,PARTIAL,MISSING,PARTIAL,2,Safe-response instructions do not establish toxicity. Removal requires site permission; reporting has no verified local recipient.
Pennisetum polystachyum,SUPPORTED,SUPPORTED,SUPPORTED,MISSING,SUPPORTED,MISSING,PARTIAL,MISSING,PARTIAL,2,Safe-response instructions do not establish toxicity. Removal requires site permission; reporting has no verified local recipient.
Psidium guajava,SUPPORTED,SUPPORTED,SUPPORTED,PARTIAL,SUPPORTED,MISSING,PARTIAL,MISSING,PARTIAL,2,Safe-response instructions do not establish toxicity. Removal requires site permission; reporting has no verified local recipient.
Rottboellia cochinchinensis,SUPPORTED,SUPPORTED,SUPPORTED,MISSING,SUPPORTED,PARTIAL,PARTIAL,MISSING,PARTIAL,2,"Safe-response instructions do not establish toxicity. Removal requires site permission; reporting has no verified local recipient. Existing impact text includes a toxicity/irritation warning, but does not establish safe touching or individual medical advice; dedicated scoped hazard statements are supported, not medical advice or safety assurance."
Ruellia blechum,SUPPORTED,SUPPORTED,SUPPORTED,PARTIAL,SUPPORTED,MISSING,PARTIAL,MISSING,PARTIAL,2,Safe-response instructions do not establish toxicity. Removal requires site permission; reporting has no verified local recipient.
Salvinia molesta,SUPPORTED,SUPPORTED,SUPPORTED,PARTIAL,SUPPORTED,MISSING,PARTIAL,MISSING,PARTIAL,3,Safe-response instructions do not establish toxicity. Removal requires site permission; reporting has no verified local recipient.
Sida acuta,SUPPORTED,SUPPORTED,SUPPORTED,PARTIAL,SUPPORTED,MISSING,PARTIAL,MISSING,PARTIAL,2,Safe-response instructions do not establish toxicity. Removal requires site permission; reporting has no verified local recipient.
Striga asiatica,SUPPORTED,SUPPORTED,SUPPORTED,MISSING,SUPPORTED,MISSING,PARTIAL,MISSING,PARTIAL,2,Safe-response instructions do not establish toxicity. Removal requires site permission; reporting has no verified local recipient.
Synedrella nodiflora,SUPPORTED,SUPPORTED,SUPPORTED,MISSING,SUPPORTED,MISSING,PARTIAL,MISSING,PARTIAL,2,Safe-response instructions do not establish toxicity. Removal requires site permission; reporting has no verified local recipient.
Urochloa mutica,SUPPORTED,SUPPORTED,SUPPORTED,MISSING,SUPPORTED,MISSING,PARTIAL,MISSING,PARTIAL,2,Safe-response instructions do not establish toxicity. Removal requires site permission; reporting has no verified local recipient.
